date,time,root_url,file_name,file_down_url,files
2022-11-18,12:43:05,https://www.ine.cl/estadisticas/sociales/genero,Estudio exploratorio para la medición de victimización por crímenes de odio en ENUSC 2020,http://www.ine.cl/docs/default-source/genero/gu%C3%ADas-y-documentos/documentos/estudio-exploratorio-medicion-de-victimizacion-por-crimenes-de-odio-en-enusc-(2020).pdf?sfvrsn=650a851d_6,
2022-11-18,12:43:05,https://www.ine.cl/estadisticas/sociales/genero,"Evaluación de comprensión y estimación de preguntas de sexo al nacer, identidad de género y orientación sexual 2019",http://www.ine.cl/docs/default-source/genero/gu%C3%ADas-y-documentos/documentos/evaluaci%C3%B3n-de-comprensi%C3%B3n-y-estimaci%C3%B3n-de-preguntas-de-sexo-al-nacer-identidad-de-genero-y-orientacion-sexual-2019.pdf?sfvrsn=78209faf_4,
2022-11-18,12:43:05,https://www.ine.cl/estadisticas/sociales/genero,Manual con enfoque de género en la producción estadística con foco en GSBPM 2019,http://www.ine.cl/docs/default-source/genero/gu%C3%ADas-y-documentos/documentos/manual-con-enfoque-de-g%C3%A9nero-en-la-producci%C3%B3n-estad%C3%ADstica-con-gsbpm-2019.pdf?sfvrsn=54e343a9_4,
2022-11-18,12:43:05,https://www.ine.cl/estadisticas/economia/indices-de-precio-e-inflacion/indices-referenciales-de-costos-de-las-isapre,Indicadores referenciales de costos de las ISAPRE (IRCI),http://www.ine.cl/docs/default-source/indices-referenciales-de-costos-de-las-isapre/boletines/2014/indicadores-referenciales-de-costos-de-las-isapre-(irci).pdf?sfvrsn=a3c8fde4_6,
2022-11-18,12:43:05,https://www.ine.cl/estadisticas/economia/indices-de-precio-e-inflacion/indice-de-precios-al-por-mayor,Cifras Comentadas,http://www.ine.cl/docs/default-source/indice-de-precios-al-por-mayor/boletines/base-noviembre-2007-100/cifras-comentadas.pdf?sfvrsn=6fe4e505_2,
2022-11-18,12:43:05,https://www.ine.cl/estadisticas/economia/indices-de-precio-e-inflacion/indice-de-costos-del-transporte,boletín-índice-de-costos-del-transporte-ict-agosto-de-2022,http://www.ine.cl/docs/default-source/indice-de-costos-del-transporte/boletines/2022/bolet%C3%ADn-%C3%ADndice-de-costos-del-transporte-ict-agosto-de-2022.pdf?sfvrsn=cc2c8521_5,
2022-11-18,12:43:05,https://www.ine.cl/estadisticas/economia/indices-de-precio-e-inflacion/indice-de-costos-del-transporte,boletín-índice-de-costos-del-transporte-ict-octubre-de-2022,http://www.ine.cl/docs/default-source/indice-de-costos-del-transporte/boletines/2022/bolet%C3%ADn-%C3%ADndice-de-costos-del-transporte-ict-octubre-de-2022.pdf?sfvrsn=fcee9d87_4,
2022-11-18,12:43:05,https://www.ine.cl/estadisticas/economia/indices-de-precio-e-inflacion/indice-de-costos-del-transporte,boletín-índice-de-costos-del-transporte-ict-septiembre-de-2022,http://www.ine.cl/docs/default-source/indice-de-costos-del-transporte/boletines/2022/bolet%C3%ADn-%C3%ADndice-de-costos-del-transporte-ict-septiembre-de-2022.pdf?sfvrsn=36883109_4,
2022-11-18,12:43:06,https://www.ine.cl/estadisticas/sociales/demografia-y-vitales/proyecciones-de-poblacion,Estimaciones y proyecciones 2002-2035 base 2017 región área infografía,http://www.ine.cl/docs/default-source/proyecciones-de-poblacion/publicaciones-y-anuarios/base-2017/estimaciones-y-proyecciones-2002-2035_base-2017_reg_%C3%A1rea_infograf%C3%ADa.pdf?sfvrsn=5d8b3bcc_5,
2022-11-18,12:43:06,https://www.ine.cl/estadisticas/sociales/demografia-y-vitales/proyecciones-de-poblacion,Estimaciones y proyecciones 2002-2035 base 2017 región área síntesis,http://www.ine.cl/docs/default-source/proyecciones-de-poblacion/publicaciones-y-anuarios/base-2017/ine_estimaciones-y-proyecciones-2002-2035_base-2017_reg_%C3%A1rea_s%C3%ADntesis.pdf?sfvrsn=aaeb88e7_5,
2022-11-18,12:43:06,https://www.ine.cl/estadisticas/sociales/demografia-y-vitales/proyecciones-de-poblacion,Estimaciones y proyecciones 1992-2050 base 2017 país síntesis,http://www.ine.cl/docs/default-source/proyecciones-de-poblacion/publicaciones-y-anuarios/base-2017/ine_estimaciones-y-proyecciones-de-poblaci%C3%B3n-1992-2050_base-2017_s%C3%ADntesis.pdf?sfvrsn=c623983e_6,
2022-11-18,12:43:06,https://www.ine.cl/estadisticas/economia/industria-manufacturera/produccion-de-la-industria-manufacturera,Boletín sectores económicos Índice de Producción Industrial (IPI) agosto 2022,http://www.ine.cl/docs/default-source/indice-de-produccion-industrial/boletines/2022/bolet%C3%ADn-sectores-econ%C3%B3micos-%C3%ADndice-de-producci%C3%B3n-industrial-(ipi)-agosto-2022.pdf?sfvrsn=cacbdc76_4,
2022-11-18,12:43:06,https://www.ine.cl/estadisticas/economia/industria-manufacturera/produccion-de-la-industria-manufacturera,Boletín sectores económicos Índice de Producción Industrial (IPI) julio 2022,http://www.ine.cl/docs/default-source/indice-de-produccion-industrial/boletines/2022/bolet%C3%ADn-sectores-econ%C3%B3micos-%C3%ADndice-de-producci%C3%B3n-industrial-(ipi)-julio-2022.pdf?sfvrsn=38fae20c_4,
2022-11-18,12:43:06,https://www.ine.cl/estadisticas/economia/industria-manufacturera/produccion-de-la-industria-manufacturera,Boletín sectores económicos Índice de Producción Industrial (IPI) septiembre 2022,http://www.ine.cl/docs/default-source/indice-de-produccion-industrial/boletines/2022/bolet%C3%ADn-sectores-econ%C3%B3micos-%C3%ADndice-de-producci%C3%B3n-industrial-(ipi)-septiembre-2022.pdf?sfvrsn=4cf468cc_4,
2022-11-18,12:43:06,https://www.ine.cl/estadisticas/economia/edificacion-y-construccion/permisos-de-edificacion,Boletín sectores económicos Permisos de Edificación Autorizada diciembre 2018,http://www.ine.cl/docs/default-source/permisos-de-edificacion/boletines/2018/espa%C3%B1ol/bolet%C3%ADn-sectores-econ%C3%B3micos-permisos-de-edificaci%C3%B3n-autorizada-diciembre-2018.pdf?sfvrsn=a45cb7ea_3,
2022-11-18,12:43:06,https://www.ine.cl/estadisticas/economia/edificacion-y-construccion/permisos-de-edificacion,Boletín sectores económicos Permisos de Edificación Autorizada noviembre 2018,http://www.ine.cl/docs/default-source/permisos-de-edificacion/boletines/2018/espa%C3%B1ol/bolet%C3%ADn-sectores-econ%C3%B3micos-permisos-de-edificaci%C3%B3n-autorizada-noviembre-2018.pdf?sfvrsn=55120942_3,
2022-11-18,12:43:06,https://www.ine.cl/estadisticas/economia/edificacion-y-construccion/permisos-de-edificacion,Boletín sectores económicos Permisos de Edificación Autorizada enero 2019,http://www.ine.cl/docs/default-source/permisos-de-edificacion/boletines/2019/bolet%C3%ADn-sectores-econ%C3%B3micos-permisos-de-edificaci%C3%B3n-autorizada-enero-2019.pdf?sfvrsn=84b473e7_6,
2022-11-18,12:43:06,https://www.ine.cl/estadisticas/economia/indices-de-precio-e-inflacion/indice-de-precios-de-productor,Boletín Índice de Precios de Productor (IPP) Industrias Agosto 2022,http://www.ine.cl/docs/default-source/indice-de-precios-de-productor/boletines/2022/bolet%C3%ADn-%C3%ADndice-de-precios-de-productor-(ipp)-industrias-agosto-2022.pdf?sfvrsn=da8569be_5,
2022-11-18,12:43:06,https://www.ine.cl/estadisticas/economia/indices-de-precio-e-inflacion/indice-de-precios-de-productor,Boletín Índice de Precios de Productor (IPP) Industrias Julio 2022,http://www.ine.cl/docs/default-source/indice-de-precios-de-productor/boletines/2022/bolet%C3%ADn-%C3%ADndice-de-precios-de-productor-(ipp)-industrias-julio-2022.pdf?sfvrsn=28cc8aad_4,
2022-11-18,12:43:06,https://www.ine.cl/estadisticas/economia/indices-de-precio-e-inflacion/indice-de-precios-de-productor,Boletín Índice de Precios de Productor (IPP) Industrias Septiembre 2022,http://www.ine.cl/docs/default-source/indice-de-precios-de-productor/boletines/2022/bolet%C3%ADn-%C3%ADndice-de-precios-de-productor-(ipp)-industrias-septiembre-2022.pdf?sfvrsn=7db53419_4,
2022-11-18,12:43:06,https://www.ine.cl/estadisticas/economia/comercio-servicios-y-turismo/ventas-de-supermercados,Informe anual 2007,http://www.ine.cl/docs/default-source/ventas-de-supermercados/publicaciones/base-promedio-ano-2005-100/informe-anual-2007.pdf?sfvrsn=3b5fbb39_3,
2022-11-18,12:43:06,https://www.ine.cl/estadisticas/economia/comercio-servicios-y-turismo/ventas-de-supermercados,Informe anual 2008,http://www.ine.cl/docs/default-source/ventas-de-supermercados/publicaciones/base-promedio-ano-2005-100/informe-anual-2008.pdf?sfvrsn=44fe0428_3,
2022-11-18,12:43:06,https://www.ine.cl/estadisticas/economia/comercio-servicios-y-turismo/ventas-de-supermercados,Informe anual 2009,http://www.ine.cl/docs/default-source/ventas-de-supermercados/publicaciones/base-promedio-ano-2005-100/informe-anual-2009.pdf?sfvrsn=acc5af4e_3,
2022-11-18,12:43:06,https://www.ine.cl/estadisticas/sociales/ingresos-y-gastos/encuesta-de-presupuestos-familiares,Informe de Principales Resultados VIII EPF,http://www.ine.cl/docs/default-source/encuesta-de-presupuestos-familiares/publicaciones-y-anuarios/viii-epf---(julio-2016---junio-2017)/informe-de-principales-resultados-viii-epf.pdf?sfvrsn=d5bd824f_2,
2022-11-18,12:43:06,https://www.ine.cl/estadisticas/sociales/ingresos-y-gastos/encuesta-de-presupuestos-familiares,Presentacion del Director Nacional sobre Resultados VIII EPF,http://www.ine.cl/docs/default-source/encuesta-de-presupuestos-familiares/publicaciones-y-anuarios/viii-epf---(julio-2016---junio-2017)/presentacion-del-director-nacional-sobre-resultados-viii-epf.pdf?sfvrsn=701d6d92_2,
2022-11-18,12:43:06,https://www.ine.cl/estadisticas/sociales/ingresos-y-gastos/encuesta-de-presupuestos-familiares,Síntesis de Resultados VIII EPF,http://www.ine.cl/docs/default-source/encuesta-de-presupuestos-familiares/publicaciones-y-anuarios/viii-epf---(julio-2016---junio-2017)/s%C3%ADntesis-de-resultados-viii-epf.pdf?sfvrsn=317508eb_2,
2022-11-18,12:43:06,https://www.ine.cl/estadisticas/sociales/ingresos-y-gastos/encuesta-suplementaria-de-ingresos,Distribución de los ingresos en Chile - Síntesis de resultados (ESI 2010 - 2015),http://www.ine.cl/docs/default-source/encuesta-suplementaria-de-ingresos/publicaciones-y-anuarios/enfoques-y-otros-estudios/distribuci%C3%B3n-de-los-ingresos-en-chile-s%C3%ADntesis-de-resultados---esi-2010-2015.pdf?sfvrsn=c17b309d_3,
2022-11-18,12:43:06,https://www.ine.cl/estadisticas/sociales/ingresos-y-gastos/encuesta-suplementaria-de-ingresos,Enfoque de informalidad e ingresos (ESI Diciembre 2018),http://www.ine.cl/docs/default-source/encuesta-suplementaria-de-ingresos/publicaciones-y-anuarios/enfoques-y-otros-estudios/enfoque-de-informalidad-e-ingresos-diciembre-2018.pdf?sfvrsn=9de0c5a0_4,
2022-11-18,12:43:06,https://www.ine.cl/estadisticas/sociales/ingresos-y-gastos/encuesta-suplementaria-de-ingresos,Enfoque estadístico de género e ingresos (ESI 2010 - 2015),http://www.ine.cl/docs/default-source/encuesta-suplementaria-de-ingresos/publicaciones-y-anuarios/enfoques-y-otros-estudios/enfoque-estad%C3%ADstico-de-g%C3%A9nero-e-ingresos-esi-2010-2015.pdf?sfvrsn=4c64b06c_3,
2022-11-18,12:43:06,https://www.ine.cl/estadisticas/sociales/censos-de-poblacion-y-vivienda/censo-de-poblacion-y-vivienda,Presentación de la segunda entrega de resultados Censo 2017,http://www.ine.cl/docs/default-source/censo-de-poblacion-y-vivienda/publicaciones-y-anuarios/2017/publicaci%C3%B3n-de-resultados/presentacion_de_la_segunda_entrega_de_resultados_censo2017.pdf?sfvrsn=2fb08fd9_6,
2022-11-18,12:43:06,https://www.ine.cl/estadisticas/sociales/censos-de-poblacion-y-vivienda/censo-de-poblacion-y-vivienda,Presentación resultados definitivos Censo 2017,http://www.ine.cl/docs/default-source/censo-de-poblacion-y-vivienda/publicaciones-y-anuarios/2017/publicaci%C3%B3n-de-resultados/presentacion_resultados_definitivos_censo2017.pdf?sfvrsn=a2558ec0_6,
2022-11-18,12:43:06,https://www.ine.cl/estadisticas/sociales/censos-de-poblacion-y-vivienda/censo-de-poblacion-y-vivienda,Síntesis de resultados Censo 2017,http://www.ine.cl/docs/default-source/censo-de-poblacion-y-vivienda/publicaciones-y-anuarios/2017/publicaci%C3%B3n-de-resultados/sintesis-de-resultados-censo2017.pdf?sfvrsn=1b2dfb06_6,
2022-11-18,12:43:06,https://www.ine.cl/estadisticas/economia/comercio-servicios-y-turismo/ventas-de-servicios,Boletín sectores económicos Índices de Ventas de Servicios (IVS) agosto 2022,http://www.ine.cl/docs/default-source/ventas-de-servicios/boletines/2022/bolet%C3%ADn-sectores-econ%C3%B3micos-%C3%ADndices-de-ventas-de-servicios-(ivs)-agosto-2022.pdf?sfvrsn=3c251543_4,
2022-11-18,12:43:06,https://www.ine.cl/estadisticas/economia/comercio-servicios-y-turismo/ventas-de-servicios,Boletín sectores económicos Índices de Ventas de Servicios (IVS) julio 2022,http://www.ine.cl/docs/default-source/ventas-de-servicios/boletines/2022/bolet%C3%ADn-sectores-econ%C3%B3micos-%C3%ADndices-de-ventas-de-servicios-(ivs)-julio-2022.pdf?sfvrsn=b3329126_4,
2022-11-18,12:43:06,https://www.ine.cl/estadisticas/economia/comercio-servicios-y-turismo/ventas-de-servicios,Boletín sectores económicos Índices de Ventas de Servicios (IVS) septiembre 2022,http://www.ine.cl/docs/default-source/ventas-de-servicios/boletines/2022/bolet%C3%ADn-sectores-econ%C3%B3micos-%C3%ADndices-de-ventas-de-servicios-(ivs)-septiembre-2022.pdf?sfvrsn=74fd9f9c_4,
2022-11-18,12:43:07,https://www.ine.cl/estadisticas/sociales/mercado-laboral/estadisticas-en-base-a-registros-administrativos,diciembre 2021,http://www.ine.cl/docs/default-source/estadisticas-registros-administrativos/boletines/tasas-de-rotaci%C3%B3n-laboral/2022/diciembre-2021.pdf?sfvrsn=77bb6c63_11,
2022-11-18,12:43:07,https://www.ine.cl/estadisticas/sociales/condiciones-de-vida-y-cultura/trabajo-infantil-y-adolescente,Códigos de ocupación adaptados a las actividades de niños y adolescentes,http://www.ine.cl/docs/default-source/trabajo-infantil-y-adolescente/publicaciones-y-anuarios/publicaciones/codigosdeocupacion.xls?sfvrsn=60da6262_4,
2022-11-18,12:43:07,https://www.ine.cl/estadisticas/sociales/condiciones-de-vida-y-cultura/trabajo-infantil-y-adolescente,Dimensiones y tipos de peores formas de trabajo infantil,http://www.ine.cl/docs/default-source/trabajo-infantil-y-adolescente/publicaciones-y-anuarios/publicaciones/dimensionesycategorias.pdf?sfvrsn=c23ef732_6,
2022-11-18,12:43:07,https://www.ine.cl/estadisticas/sociales/condiciones-de-vida-y-cultura/trabajo-infantil-y-adolescente,Infancia y Adolescencia en Chile - Censos 1992 / 2002,http://www.ine.cl/docs/default-source/trabajo-infantil-y-adolescente/publicaciones-y-anuarios/publicaciones/infanciayadolescencia.pdf?sfvrsn=e9df8291_4,
2022-11-18,12:43:07,https://www.ine.cl/estadisticas/sociales/mercado-laboral/condiciones-de-empleo-y-relaciones-laborales,Ficha Técnica Encuesta Laboral 2019 (Encla),http://www.ine.cl/docs/default-source/condiciones-de-empleo-y-relaciones-laborales/metadatos/documentos/201229_chl-ine-encla-2019-v01.pdf?sfvrsn=4b6e729_8,
2022-11-18,12:43:07,https://www.ine.cl/estadisticas/sociales/mercado-laboral/condiciones-de-empleo-y-relaciones-laborales,Informe de metodología del diseño muestral,http://www.ine.cl/docs/default-source/condiciones-de-empleo-y-relaciones-laborales/metodolog%C3%ADas/documentos/1220_chl-ine-encla-2019-v01-ddmu.pdf?sfvrsn=b80da9d5_6,
2022-11-18,12:43:07,https://www.ine.cl/estadisticas/sociales/mercado-laboral/condiciones-de-empleo-y-relaciones-laborales,Informe metodológico,http://www.ine.cl/docs/default-source/condiciones-de-empleo-y-relaciones-laborales/metodolog%C3%ADas/documentos/201229_chl-ine-encla-2019-v01-dmet.pdf?sfvrsn=5c4cd2f6_6,
2022-11-18,12:43:07,https://www.ine.cl/estadisticas/sociales/condiciones-de-vida-y-cultura/discapacidad,Informe Ejecutivo VI Región de O'Higgins,http://www.ine.cl/docs/default-source/discapacidad/publicaciones-y-anuarios/primer-estudio-nacional-de-la-discapacidad-en-chile-endisc-cif-chile-2004/informe-ejecutivo-region-de-ohiggins.pdf?sfvrsn=81b0f66b_6,
2022-11-18,12:43:07,https://www.ine.cl/estadisticas/sociales/condiciones-de-vida-y-cultura/discapacidad,Informe Ejecutivo XII Región de Magallanes,http://www.ine.cl/docs/default-source/discapacidad/publicaciones-y-anuarios/primer-estudio-nacional-de-la-discapacidad-en-chile-endisc-cif-chile-2004/informe-ejecutivo-xii-regi%C3%B3n-de-magallanes.pdf?sfvrsn=1122bf94_2,
2022-11-18,12:43:07,https://www.ine.cl/estadisticas/sociales/condiciones-de-vida-y-cultura/discapacidad,Presentacion Resultados Estudio Nacional de la Discapacidad,http://www.ine.cl/docs/default-source/discapacidad/publicaciones-y-anuarios/primer-estudio-nacional-de-la-discapacidad-en-chile-endisc-cif-chile-2004/presentacion-resultados-estudio-nacional-de-la-discapacidad.pdf?sfvrsn=3bcf2aec_2,
2022-11-18,12:43:07,https://www.ine.cl/estadisticas/sociales/mercado-laboral/remuneraciones-y-costos-laborales,agosto 2022,http://www.ine.cl/docs/default-source/sueldos-y-salarios/boletines/espa%C3%B1ol/base-anual-2016-100/2022/agosto-2022.pdf?sfvrsn=bb75a448_7,
2022-11-18,12:43:07,https://www.ine.cl/estadisticas/sociales/mercado-laboral/remuneraciones-y-costos-laborales,julio 2022,http://www.ine.cl/docs/default-source/sueldos-y-salarios/boletines/espa%C3%B1ol/base-anual-2016-100/2022/julio-2022.pdf?sfvrsn=26fd790c_4,
2022-11-18,12:43:07,https://www.ine.cl/estadisticas/sociales/mercado-laboral/remuneraciones-y-costos-laborales,septiembre 2022,http://www.ine.cl/docs/default-source/sueldos-y-salarios/boletines/espa%C3%B1ol/base-anual-2016-100/2022/septiembre-2022.pdf?sfvrsn=138869d5_5,
2022-11-18,12:43:07,https://www.ine.cl/estadisticas/sociales/condiciones-de-vida-y-cultura/etnias,Presentación Primera Encuesta de Caracterización de la Población Afrodescendiente,http://www.ine.cl/docs/default-source/etnias/publicaciones-y-anuarios/encuesta-de-caracterizacion-de-la-poblacion-afrodescendiente-2013/presentaci%C3%B3n-primera-encuesta-de-caracterizaci%C3%B3n-de-la-poblaci%C3%B3n-afrodescendiente.pdf?sfvrsn=d5ad69f4_4,
2022-11-18,12:43:07,https://www.ine.cl/estadisticas/sociales/condiciones-de-vida-y-cultura/etnias,Hojas Informativas Estadísticas Sociales Pueblos Indígenas en Chile Censo 2002,http://www.ine.cl/docs/default-source/etnias/publicaciones-y-anuarios/estadisticas-sociales-pueblos-indigenas-en-chile-censo-2002/estad%C3%ADsticas-sociales-pueblos-ind%C3%ADgenas-en-chile-censo-2002.pdf?sfvrsn=57b660a8_6,
2022-11-18,12:43:07,https://www.ine.cl/estadisticas/sociales/condiciones-de-vida-y-cultura/etnias,Estadísticas Sociales Pueblos Indígenas en Chile Censo 2002,http://www.ine.cl/docs/default-source/etnias/publicaciones-y-anuarios/estadisticas-sociales-pueblos-indigenas-en-chile-censo-2002/estad%C3%ADsticas-sociales-pueblos-ind%C3%ADgenas-en-chile-censo-2002f49639a0fc86495aaee213280de26250.pdf?sfvrsn=518d27c4_4,
2022-11-18,12:43:07,https://www.ine.cl/estadisticas/sociales/condiciones-de-vida-y-cultura/cultura,Estadísticas culturales informe anual 2018,http://www.ine.cl/docs/default-source/cultura/publicaciones-y-anuarios/publicaciones/estad%C3%ADsticas-culturales-informe-anual-2018.pdf?sfvrsn=1b7b274a_4,
2022-11-18,12:43:07,https://www.ine.cl/estadisticas/sociales/condiciones-de-vida-y-cultura/cultura,Estadísticas culturales informe anual 2019,http://www.ine.cl/docs/default-source/cultura/publicaciones-y-anuarios/publicaciones/estad%C3%ADsticas-culturales-informe-anual-2019.pdf?sfvrsn=eaa2600e_5,
2022-11-18,12:43:07,https://www.ine.cl/estadisticas/sociales/condiciones-de-vida-y-cultura/cultura,Estadísticas culturales informe anual 2020,http://www.ine.cl/docs/default-source/cultura/publicaciones-y-anuarios/publicaciones/estad%C3%ADsticas-culturales-informe-anual-2020.pdf?sfvrsn=474b6e96_2,
2022-11-18,12:43:08,https://www.ine.cl/estadisticas/sociales/condiciones-de-vida-y-cultura/calidad-de-vida-y-salud,Informe Nacional de Factores de Riesgo,http://www.ine.cl/docs/default-source/calidad-de-vida-y-salud/publicaciones-y-anuarios/encuesta-nacional-de-calidad-de-vida-y-salud-2000/informe-nacional-de-factores-de-riesgo.pdf?sfvrsn=79dd437_2,
2022-11-18,12:43:08,https://www.ine.cl/estadisticas/sociales/condiciones-de-vida-y-cultura/calidad-de-vida-y-salud,Informe Regional de Factores de Riesgo Aysén,http://www.ine.cl/docs/default-source/calidad-de-vida-y-salud/publicaciones-y-anuarios/encuesta-nacional-de-calidad-de-vida-y-salud-2000/informe-regional-de-factores-de-riesgo-ays%C3%A9n.pdf?sfvrsn=170cedde_2,
2022-11-18,12:43:08,https://www.ine.cl/estadisticas/sociales/condiciones-de-vida-y-cultura/calidad-de-vida-y-salud,Informe Regional de Factores de Riesgo Metropolitana,http://www.ine.cl/docs/default-source/calidad-de-vida-y-salud/publicaciones-y-anuarios/encuesta-nacional-de-calidad-de-vida-y-salud-2000/informe-regional-de-factores-de-riesgo-metropolitana.pdf?sfvrsn=54db5671_2,
2022-11-18,12:43:08,https://www.ine.cl/estadisticas/economia/energia-y-medioambiente/variables-basicas-ambientales,Informe Anual de Medio Ambiente 2019,http://www.ine.cl/docs/default-source/variables-basicas-ambientales/publicaciones-y-anuarios/informe-anual-de-medio-ambiente/informe-anual-de-medio-ambiente-2019.pdf?sfvrsn=32224137_2,
2022-11-18,12:43:08,https://www.ine.cl/estadisticas/economia/energia-y-medioambiente/variables-basicas-ambientales,Informe Anual de Medio Ambiente 2020 (versión actualizada al 25 de febrero de 2021),http://www.ine.cl/docs/default-source/variables-basicas-ambientales/publicaciones-y-anuarios/informe-anual-de-medio-ambiente/informe-anual-de-medio-ambiente-2020-(versi%C3%B3n-actualizada-al-25-de-febrero-de-2021).pdf?sfvrsn=a6ddf6f1_2,
2022-11-18,12:43:08,https://www.ine.cl/estadisticas/economia/energia-y-medioambiente/variables-basicas-ambientales,Informe Anual de Medio Ambiente 2021 (versión actualizada al 06 de abril del 2022),http://www.ine.cl/docs/default-source/variables-basicas-ambientales/publicaciones-y-anuarios/informe-anual-de-medio-ambiente/informe-anual-de-medio-ambiente-2021-(versi%C3%B3n-actualizada-al-06-de-abril-del-2022).pdf?sfvrsn=71718c5b_10,
2022-11-18,12:43:08,https://www.ine.cl/estadisticas/sociales/demografia-y-vitales/nacimientos-matrimonios-y-defunciones,Anuario de estadísticas vitales 2019,http://www.ine.cl/docs/default-source/nacimientos-matrimonios-y-defunciones/publicaciones-y-anuarios/anuarios-de-estad%C3%ADsticas-vitales/anuario-de-estad%C3%ADsticas-vitales-2019.pdf?sfvrsn=97729b7b_5,
2022-11-18,12:43:08,https://www.ine.cl/estadisticas/sociales/demografia-y-vitales/nacimientos-matrimonios-y-defunciones,Estadísticas vitales cifras provisionales 2020,http://www.ine.cl/docs/default-source/nacimientos-matrimonios-y-defunciones/publicaciones-y-anuarios/anuarios-de-estad%C3%ADsticas-vitales/estad%C3%ADsticas-vitales-cifras-provisionales-2020.pdf?sfvrsn=3f5da8b1_6,
2022-11-18,12:43:08,https://www.ine.cl/estadisticas/sociales/demografia-y-vitales/nacimientos-matrimonios-y-defunciones,Anuario de estadísticas vitales 2019 síntesis,http://www.ine.cl/docs/default-source/nacimientos-matrimonios-y-defunciones/publicaciones-y-anuarios/s%C3%ADntesis-anuarios-de-estad%C3%ADsticas-vitales/anuario-de-estad%C3%ADsticas-vitales-2019-s%C3%ADntesis.pdf?sfvrsn=e5739195_4,
2022-11-18,12:43:08,https://www.ine.cl/estadisticas/sociales/genero/uso-del-tiempo,Síntesis de resultados actividades personales ENUT 2015,http://www.ine.cl/docs/default-source/uso-del-tiempo-tiempo-libre/publicaciones-y-anuarios/publicaciones/sintesis-resultados-actividades-personales-enut.pdf?sfvrsn=fd9a7cea_6,
2022-11-18,12:43:08,https://www.ine.cl/estadisticas/sociales/genero/uso-del-tiempo,Síntesis de resultados regionales ENUT 2015,http://www.ine.cl/docs/default-source/uso-del-tiempo-tiempo-libre/publicaciones-y-anuarios/publicaciones/sintesis-resultados-regionales-enut.pdf?sfvrsn=eac63260_5,
2022-11-18,12:43:08,https://www.ine.cl/estadisticas/sociales/genero/uso-del-tiempo,Síntesis de resultados trabajo ENUT 2015,http://www.ine.cl/docs/default-source/uso-del-tiempo-tiempo-libre/publicaciones-y-anuarios/publicaciones/sintesis-resultados-trabajo-enut.pdf?sfvrsn=7bcc61b0_6,
2022-11-18,12:43:08,https://www.ine.cl/estadisticas/sociales/demografia-y-vitales/demografia-y-migracion,Estimación población extranjera en Chile 2020 regiones y comunas síntesis,http://www.ine.cl/docs/default-source/demografia-y-migracion/publicaciones-y-anuarios/migraci%C3%B3n-internacional/estimaci%C3%B3n-poblaci%C3%B3n-extranjera-en-chile-2018/estimaci%C3%B3n-poblaci%C3%B3n-extranjera-en-chile-2020-regiones-y-comunas-s%C3%ADntesis.pdf?sfvrsn=3952d3d6_6,
2022-11-18,12:43:08,https://www.ine.cl/estadisticas/sociales/demografia-y-vitales/demografia-y-migracion,Estimación población extranjera en Chile 2021 resultados,http://www.ine.cl/docs/default-source/demografia-y-migracion/publicaciones-y-anuarios/migraci%C3%B3n-internacional/estimaci%C3%B3n-poblaci%C3%B3n-extranjera-en-chile-2018/estimaci%C3%B3n-poblaci%C3%B3n-extranjera-en-chile-2021-resultados.pdf?sfvrsn=d4fd5706_6,
2022-11-18,12:43:08,https://www.ine.cl/estadisticas/sociales/demografia-y-vitales/demografia-y-migracion,Estimación población extranjera en Chile 2021 síntesis,http://www.ine.cl/docs/default-source/demografia-y-migracion/publicaciones-y-anuarios/migraci%C3%B3n-internacional/estimaci%C3%B3n-poblaci%C3%B3n-extranjera-en-chile-2018/estimaci%C3%B3n-poblaci%C3%B3n-extranjera-en-chile-2021-s%C3%ADntesis.pdf?sfvrsn=6d04859c_5,
2022-11-18,12:43:08,https://www.ine.cl/estadisticas/sociales/genero/atlas-de-genero,Infografía de puestos de trabajo permanentes y temporales en la agricultura. VIII Censo Nacional Agropecuario y Forestal 2021,http://www.ine.cl/docs/default-source/genero/infograf%C3%ADas/autonomia-economica/infograf%C3%ADa-de-puestos-de-trabajo-permanentes-y-temporales-en-la-agricultura-viii-censo-nacional-agropecuario-y-forestal-2021.pdf?sfvrsn=6aadf83f_2,
2022-11-18,12:43:08,https://www.ine.cl/estadisticas/sociales/genero/atlas-de-genero,Infografía de justicia y género. Estadísticas judiciales 2020,http://www.ine.cl/docs/default-source/genero/infograf%C3%ADas/autonomia-fisica/infograf%C3%ADa-de-justicia-y-g%C3%A9nero-estad%C3%ADsticas-judiciales-2020.pdf?sfvrsn=2074e26e_4,
2022-11-18,12:43:08,https://www.ine.cl/estadisticas/sociales/genero/atlas-de-genero,Infografía de maternidad y paternidad en la infancia y adolescencia. Estadísticas vitales 2019,http://www.ine.cl/docs/default-source/genero/infograf%C3%ADas/autonomia-fisica/infograf%C3%ADa-de-maternidad-y-paternidad-en-la-infancia-y-adolescencia-estad%C3%ADsticas-vitales-2019.pdf?sfvrsn=d552b393_2,
2022-11-18,12:43:08,https://www.ine.cl/estadisticas/economia/agricultura-agroindustria-y-pesca/vitivinicultura,Bodegas de vino 2006,http://www.ine.cl/docs/default-source/vitivinicultura/publicaciones-y-anuarios/documentos/bodegas-de-vino-2006.pdf?sfvrsn=3cb4ae94_6,
2022-11-18,12:43:08,https://www.ine.cl/estadisticas/economia/agricultura-agroindustria-y-pesca/vitivinicultura,Bodegas de vino 2007 - 2008,http://www.ine.cl/docs/default-source/vitivinicultura/publicaciones-y-anuarios/documentos/bodegas-de-vino-2007---2008.pdf?sfvrsn=b3edddd_6,
2022-11-18,12:43:08,https://www.ine.cl/estadisticas/economia/agricultura-agroindustria-y-pesca/vitivinicultura,Bodegas de vino 2011,http://www.ine.cl/docs/default-source/vitivinicultura/publicaciones-y-anuarios/documentos/bodegas-de-vino-2011.pdf?sfvrsn=1a553e2e_6,
2022-11-18,12:43:09,https://www.ine.cl/estadisticas/sociales/genero/indicadores-de-genero-generados-por-el-ine,Estudio exploratorio para la medición de victimización por crímenes de odio en ENUSC 2020,http://www.ine.cl/docs/default-source/genero/gu%C3%ADas-y-documentos/documentos/estudio-exploratorio-medicion-de-victimizacion-por-crimenes-de-odio-en-enusc-(2020).pdf?sfvrsn=650a851d_6,
2022-11-18,12:43:09,https://www.ine.cl/estadisticas/sociales/genero/indicadores-de-genero-generados-por-el-ine,"Evaluación de comprensión y estimación de preguntas de sexo al nacer, identidad de género y orientación sexual 2019",http://www.ine.cl/docs/default-source/genero/gu%C3%ADas-y-documentos/documentos/evaluaci%C3%B3n-de-comprensi%C3%B3n-y-estimaci%C3%B3n-de-preguntas-de-sexo-al-nacer-identidad-de-genero-y-orientacion-sexual-2019.pdf?sfvrsn=78209faf_4,
2022-11-18,12:43:09,https://www.ine.cl/estadisticas/sociales/genero/indicadores-de-genero-generados-por-el-ine,Manual con enfoque de género en la producción estadística con foco en GSBPM 2019,http://www.ine.cl/docs/default-source/genero/gu%C3%ADas-y-documentos/documentos/manual-con-enfoque-de-g%C3%A9nero-en-la-producci%C3%B3n-estad%C3%ADstica-con-gsbpm-2019.pdf?sfvrsn=54e343a9_4,
2022-11-18,12:43:09,https://www.ine.cl/estadisticas/sociales/genero/indicadores-de-genero-generados-por-el-ine,Link,http://www.chileagenda2030.gob.cl/storage/docs/Diagnostico-Inicial_2.0_Agenda2030-ODS_2017.pdf,
2022-11-18,12:43:09,https://www.ine.cl/estadisticas/sociales/mercado-laboral/empleo-en-las-actividades-caracteristicas-del-turismo,Infografía Empleo en las ACT trimestre móvil nov 20 - ene 21,http://www.ine.cl/docs/default-source/empleo-en-las-actividades-caracteristicas-del-turismo/infografias/2020/infograf%C3%ADa-empleo-en-las-act-trimestre-m%C3%B3vil-nov-20---ene-21.pdf?sfvrsn=9a6edff8_8,
2022-11-18,12:43:09,https://www.ine.cl/estadisticas/sociales/mercado-laboral/empleo-en-las-actividades-caracteristicas-del-turismo,Infografía Empleo en las ACT trimestre móvil oct - dic 2020,http://www.ine.cl/docs/default-source/empleo-en-las-actividades-caracteristicas-del-turismo/infografias/2020/infograf%C3%ADa-empleo-en-las-act-trimestre-m%C3%B3vil-oct---dic-2020.pdf?sfvrsn=a74f8be4_7,
2022-11-18,12:43:09,https://www.ine.cl/estadisticas/sociales/mercado-laboral/empleo-en-las-actividades-caracteristicas-del-turismo,Infografía Empleo en las ACT trimestre móvil sep - nov 2020,http://www.ine.cl/docs/default-source/empleo-en-las-actividades-caracteristicas-del-turismo/infografias/2020/infograf%C3%ADa-empleo-en-las-act-trimestre-m%C3%B3vil-sep---nov-2020.pdf?sfvrsn=9da7db4a_7,
2022-11-18,12:43:09,https://www.ine.cl/estadisticas/economia/agricultura-agroindustria-y-pesca/produccion-pecuaria,Producción pecuaria informe anual 2012,http://www.ine.cl/docs/default-source/produccion-pecuaria/publicaciones-y-anuarios/produccion-pecuaria/producci%C3%B3n-pecuaria-informe-anual-2012.pdf?sfvrsn=6e7d2a92_5,
2022-11-18,12:43:09,https://www.ine.cl/estadisticas/economia/agricultura-agroindustria-y-pesca/produccion-pecuaria,Producción pecuaria informe anual 2013,http://www.ine.cl/docs/default-source/produccion-pecuaria/publicaciones-y-anuarios/produccion-pecuaria/producci%C3%B3n-pecuaria-informe-anual-2013.pdf?sfvrsn=61a6409a_5,
2022-11-18,12:43:09,https://www.ine.cl/estadisticas/economia/agricultura-agroindustria-y-pesca/produccion-pecuaria,Producción pecuaria primer semestre 2012,http://www.ine.cl/docs/default-source/produccion-pecuaria/publicaciones-y-anuarios/produccion-pecuaria/producci%C3%B3n-pecuaria-primer-semestre-2012.pdf?sfvrsn=2cda70d3_5,
2022-11-18,12:43:09,https://www.ine.cl/estadisticas/economia/edificacion-y-construccion/permisos-de-edificacion/2021/08/12/un-mill%C3%B3n-y-medio-de-personas-viven-en-zonas-urbanas-de-alta-recurrencia-de-incendios-forestales,Boletín sectores económicos Permisos de Edificación Autorizada diciembre 2018,http://www.ine.cl/docs/default-source/permisos-de-edificacion/boletines/2018/espa%C3%B1ol/bolet%C3%ADn-sectores-econ%C3%B3micos-permisos-de-edificaci%C3%B3n-autorizada-diciembre-2018.pdf?sfvrsn=a45cb7ea_3,
2022-11-18,12:43:09,https://www.ine.cl/estadisticas/economia/edificacion-y-construccion/permisos-de-edificacion/2021/08/12/un-mill%C3%B3n-y-medio-de-personas-viven-en-zonas-urbanas-de-alta-recurrencia-de-incendios-forestales,Boletín sectores económicos Permisos de Edificación Autorizada noviembre 2018,http://www.ine.cl/docs/default-source/permisos-de-edificacion/boletines/2018/espa%C3%B1ol/bolet%C3%ADn-sectores-econ%C3%B3micos-permisos-de-edificaci%C3%B3n-autorizada-noviembre-2018.pdf?sfvrsn=55120942_3,
2022-11-18,12:43:09,https://www.ine.cl/estadisticas/economia/edificacion-y-construccion/permisos-de-edificacion/2021/08/12/un-mill%C3%B3n-y-medio-de-personas-viven-en-zonas-urbanas-de-alta-recurrencia-de-incendios-forestales,Boletín sectores económicos Permisos de Edificación Autorizada enero 2019,http://www.ine.cl/docs/default-source/permisos-de-edificacion/boletines/2019/bolet%C3%ADn-sectores-econ%C3%B3micos-permisos-de-edificaci%C3%B3n-autorizada-enero-2019.pdf?sfvrsn=84b473e7_6,
2022-11-18,12:43:09,https://www.ine.cl/estadisticas/economia/edificacion-y-construccion/permisos-de-edificacion/2022/10/06/ine-participa-en-talleres-sobre-urbanizaci%C3%B3n-y-ods-de-la-onu,Boletín sectores económicos Permisos de Edificación Autorizada diciembre 2018,http://www.ine.cl/docs/default-source/permisos-de-edificacion/boletines/2018/espa%C3%B1ol/bolet%C3%ADn-sectores-econ%C3%B3micos-permisos-de-edificaci%C3%B3n-autorizada-diciembre-2018.pdf?sfvrsn=a45cb7ea_3,
2022-11-18,12:43:09,https://www.ine.cl/estadisticas/economia/edificacion-y-construccion/permisos-de-edificacion/2022/10/06/ine-participa-en-talleres-sobre-urbanizaci%C3%B3n-y-ods-de-la-onu,Boletín sectores económicos Permisos de Edificación Autorizada noviembre 2018,http://www.ine.cl/docs/default-source/permisos-de-edificacion/boletines/2018/espa%C3%B1ol/bolet%C3%ADn-sectores-econ%C3%B3micos-permisos-de-edificaci%C3%B3n-autorizada-noviembre-2018.pdf?sfvrsn=55120942_3,
2022-11-18,12:43:09,https://www.ine.cl/estadisticas/economia/edificacion-y-construccion/permisos-de-edificacion/2022/10/06/ine-participa-en-talleres-sobre-urbanizaci%C3%B3n-y-ods-de-la-onu,Boletín sectores económicos Permisos de Edificación Autorizada enero 2019,http://www.ine.cl/docs/default-source/permisos-de-edificacion/boletines/2019/bolet%C3%ADn-sectores-econ%C3%B3micos-permisos-de-edificaci%C3%B3n-autorizada-enero-2019.pdf?sfvrsn=84b473e7_6,
2022-11-18,12:43:09,https://www.ine.cl/estadisticas/economia/agricultura-agroindustria-y-pesca/mataderos-de-ganado,Boletín ferias y mataderos trimestre abril junio 2022,http://www.ine.cl/docs/default-source/mataderos-de-ganado/boletines/feria-y-mataderos/bolet%C3%ADn-ferias-y-mataderos-trimestre-abril-junio-2022.pdf?sfvrsn=b9a8733e_4,
2022-11-18,12:43:09,https://www.ine.cl/estadisticas/economia/agricultura-agroindustria-y-pesca/mataderos-de-ganado,Boletín ferias y mataderos trimestre enero marzo 2022,http://www.ine.cl/docs/default-source/mataderos-de-ganado/boletines/feria-y-mataderos/bolet%C3%ADn-ferias-y-mataderos-trimestre-enero-marzo-2022.pdf?sfvrsn=b5a88b9d_7,
2022-11-18,12:43:09,https://www.ine.cl/estadisticas/economia/agricultura-agroindustria-y-pesca/mataderos-de-ganado,Boletín ferias y mataderos trimestre julio septiembre 2022,http://www.ine.cl/docs/default-source/mataderos-de-ganado/boletines/feria-y-mataderos/bolet%C3%ADn-ferias-y-mataderos-trimestre-julio-septiembre-2022.pdf?sfvrsn=6fee6704_4,
2022-11-18,12:43:09,https://www.ine.cl/estadisticas/economia/edificacion-y-construccion/permisos-de-edificacion/2022/07/06/ine-logr%C3%B3-georreferenciar-el-98-de-los-permisos-de-edificaci%C3%B3n-entregados-en-el-pa%C3%ADs-en-2021,Boletín sectores económicos Permisos de Edificación Autorizada diciembre 2018,http://www.ine.cl/docs/default-source/permisos-de-edificacion/boletines/2018/espa%C3%B1ol/bolet%C3%ADn-sectores-econ%C3%B3micos-permisos-de-edificaci%C3%B3n-autorizada-diciembre-2018.pdf?sfvrsn=a45cb7ea_3,
2022-11-18,12:43:09,https://www.ine.cl/estadisticas/economia/edificacion-y-construccion/permisos-de-edificacion/2022/07/06/ine-logr%C3%B3-georreferenciar-el-98-de-los-permisos-de-edificaci%C3%B3n-entregados-en-el-pa%C3%ADs-en-2021,Boletín sectores económicos Permisos de Edificación Autorizada noviembre 2018,http://www.ine.cl/docs/default-source/permisos-de-edificacion/boletines/2018/espa%C3%B1ol/bolet%C3%ADn-sectores-econ%C3%B3micos-permisos-de-edificaci%C3%B3n-autorizada-noviembre-2018.pdf?sfvrsn=55120942_3,
2022-11-18,12:43:09,https://www.ine.cl/estadisticas/economia/edificacion-y-construccion/permisos-de-edificacion/2022/07/06/ine-logr%C3%B3-georreferenciar-el-98-de-los-permisos-de-edificaci%C3%B3n-entregados-en-el-pa%C3%ADs-en-2021,Boletín sectores económicos Permisos de Edificación Autorizada enero 2019,http://www.ine.cl/docs/default-source/permisos-de-edificacion/boletines/2019/bolet%C3%ADn-sectores-econ%C3%B3micos-permisos-de-edificaci%C3%B3n-autorizada-enero-2019.pdf?sfvrsn=84b473e7_6,
2022-11-18,12:43:10,https://www.ine.cl/estadisticas/economia/agricultura-agroindustria-y-pesca/elaboracion-de-cecinas,Informe anual 2010,http://www.ine.cl/docs/default-source/elaboracion-de-cecinas/publicaciones-y-anuarios/informe-anual/informe-anual-2010.pdf?sfvrsn=4916452_3,
2022-11-18,12:43:10,https://www.ine.cl/estadisticas/economia/agricultura-agroindustria-y-pesca/elaboracion-de-cecinas,Informe anual 2011,http://www.ine.cl/docs/default-source/elaboracion-de-cecinas/publicaciones-y-anuarios/informe-anual/informe-anual-2011.pdf?sfvrsn=9e724f4f_3,
2022-11-18,12:43:10,https://www.ine.cl/estadisticas/economia/agricultura-agroindustria-y-pesca/elaboracion-de-cecinas,informe anual 2012,http://www.ine.cl/docs/default-source/elaboracion-de-cecinas/publicaciones-y-anuarios/informe-anual/informe-anual-2012.xls?sfvrsn=2a32d80d_5,
2022-11-18,12:43:10,https://www.ine.cl/estadisticas/economia/agricultura-agroindustria-y-pesca/leche-y-productos-lacteos,Primer semestre 2009,http://www.ine.cl/docs/default-source/leche-y-productos-lacteos/publicaciones-y-anuarios/publicaciones/primer-semestre-2009.pdf?sfvrsn=7d3f2692_3,
2022-11-18,12:43:10,https://www.ine.cl/estadisticas/economia/agricultura-agroindustria-y-pesca/leche-y-productos-lacteos,Primer semestre 2010,http://www.ine.cl/docs/default-source/leche-y-productos-lacteos/publicaciones-y-anuarios/publicaciones/primer-semestre-2010.pdf?sfvrsn=c74c935b_3,
2022-11-18,12:43:10,https://www.ine.cl/estadisticas/economia/agricultura-agroindustria-y-pesca/hortalizas,Primer semestre 2009,http://www.ine.cl/docs/default-source/leche-y-productos-lacteos/publicaciones-y-anuarios/publicaciones/primer-semestre-2009.pdf?sfvrsn=7d3f2692_3,
2022-11-18,12:43:10,https://www.ine.cl/estadisticas/economia/agricultura-agroindustria-y-pesca/leche-y-productos-lacteos,Primer semestre 2011,http://www.ine.cl/docs/default-source/leche-y-productos-lacteos/publicaciones-y-anuarios/publicaciones/primer-trimestre-2011.pdf?sfvrsn=236266f_5,
2022-11-18,12:43:10,https://www.ine.cl/estadisticas/economia/agricultura-agroindustria-y-pesca/hortalizas,Primer semestre 2010,http://www.ine.cl/docs/default-source/leche-y-productos-lacteos/publicaciones-y-anuarios/publicaciones/primer-semestre-2010.pdf?sfvrsn=c74c935b_3,
2022-11-18,12:43:10,https://www.ine.cl/estadisticas/economia/agricultura-agroindustria-y-pesca/hortalizas,Primer semestre 2011,http://www.ine.cl/docs/default-source/leche-y-productos-lacteos/publicaciones-y-anuarios/publicaciones/primer-trimestre-2011.pdf?sfvrsn=236266f_5,
2022-11-18,12:43:10,https://www.ine.cl/estadisticas/economia/agricultura-agroindustria-y-pesca/censo-pesquero-y-acuicola,Censo pesquero presentación resultados,http://www.ine.cl/docs/default-source/censo-pesquero-y-acuicola/publicaciones-y-anuarios/documentos/censo_pesquero_presentacion_resultados.pdf?sfvrsn=a80687db_6,
2022-11-18,12:43:10,https://www.ine.cl/estadisticas/economia/agricultura-agroindustria-y-pesca/censo-pesquero-y-acuicola,Primer censo nacional pesquero y acuicultor 2008 2009 informe de avance,http://www.ine.cl/docs/default-source/censo-pesquero-y-acuicola/publicaciones-y-anuarios/documentos/primer_censo_nacional_pesquero_y_acuicultor_2008_2009_informe_de_avance_1_12_09_2008.pdf?sfvrsn=9acc2b3_6,
2022-11-18,12:43:10,https://www.ine.cl/estadisticas/economia/agricultura-agroindustria-y-pesca/censos-agropecuarios,Cambios estructurales en la agricultura chilena. Análisis intercensal 1976-1997-2007,http://www.ine.cl/docs/default-source/censo-agropecuario/publicaciones-y-anuarios/2007/cambios-estructurales-en-la-agricultura-chilena---analisis-intercensal-1976-1997-2007.pdf?sfvrsn=9dfd0a74_7,
2022-11-18,12:43:10,https://www.ine.cl/estadisticas/economia/agricultura-agroindustria-y-pesca/censos-agropecuarios,La mujer en la agricultura chilena resultados VII Censo Agropecuario y Forestal 2007,http://www.ine.cl/docs/default-source/censo-agropecuario/publicaciones-y-anuarios/2007/la-mujer-en-la-agricultura-chilena---resultados-censo-agropecuario-2007.pdf?sfvrsn=6c8cf253_9,
2022-11-18,12:43:10,https://www.ine.cl/estadisticas/economia/agricultura-agroindustria-y-pesca/censos-agropecuarios,Las pequeñas y medianas explotaciones VII Censo Agropecuario y Forestal 2007,http://www.ine.cl/docs/default-source/censo-agropecuario/publicaciones-y-anuarios/2007/las-pequenas-y-medianas-explotaciones---vii-censo-agropecuario-y-forestal-2007.pdf?sfvrsn=132948d0_7,
2022-11-18,12:43:10,https://www.ine.cl/estadisticas/economia/comercio-servicios-y-turismo/inventarios-del-comercio,Boletín sectores económicos Índice de Inventarios agosto 2022,http://www.ine.cl/docs/default-source/inventarios-de-la-industria-manufacturera/boletines/2022/bolet%C3%ADn-sectores-econ%C3%B3micos-%C3%ADndice-de-inventarios-agosto-2022.pdf?sfvrsn=b2d7f8be_4,
2022-11-18,12:43:10,https://www.ine.cl/estadisticas/economia/comercio-servicios-y-turismo/inventarios-del-comercio,Boletín sectores económicos Índice de Inventarios julio 2022,http://www.ine.cl/docs/default-source/inventarios-de-la-industria-manufacturera/boletines/2022/bolet%C3%ADn-sectores-econ%C3%B3micos-%C3%ADndice-de-inventarios-julio-2022.pdf?sfvrsn=fb778304_4,
2022-11-18,12:43:10,https://www.ine.cl/estadisticas/economia/comercio-servicios-y-turismo/inventarios-del-comercio,Boletín sectores económicos Índice de Inventarios septiembre 2022,http://www.ine.cl/docs/default-source/inventarios-de-la-industria-manufacturera/boletines/2022/bolet%C3%ADn-sectores-econ%C3%B3micos-%C3%ADndice-de-inventarios-septiembre-2022.pdf?sfvrsn=f12129c9_4,
2022-11-18,12:43:10,https://www.ine.cl/estadisticas/economia/comercio-servicios-y-turismo/estructura-de-servicios,Anuario Comercio y Servicios 2008,http://www.ine.cl/docs/default-source/estructura-de-servicios/publicaciones/documentos/anuario-comercio-y-servicios-2008.pdf?sfvrsn=1050517_4,
2022-11-18,12:43:10,https://www.ine.cl/estadisticas/economia/comercio-servicios-y-turismo/estructura-de-servicios,Anuario Comercio y Servicios 2009,http://www.ine.cl/docs/default-source/estructura-de-servicios/publicaciones/documentos/anuario-comercio-y-servicios-2009.pdf?sfvrsn=dc5ba4c8_4,
2022-11-18,12:43:10,https://www.ine.cl/estadisticas/economia/comercio-servicios-y-turismo/estructura-de-servicios,Anuario Comercio y Servicios 2010,http://www.ine.cl/docs/default-source/estructura-de-servicios/publicaciones/documentos/anuario-comercio-y-servicios-2010.pdf?sfvrsn=d63c09d7_4,
2022-11-18,12:43:11,https://www.ine.cl/estadisticas/economia/comercio-servicios-y-turismo/estructura-del-comercio,Anuario Comercio y Servicios 2008,http://www.ine.cl/docs/default-source/estructura-del-comercio/publicaciones-y-anuarios/documentos/anuario-comercio-y-servicios-2008.pdf?sfvrsn=ea270d18_4,
2022-11-18,12:43:11,https://www.ine.cl/estadisticas/economia/comercio-servicios-y-turismo/estructura-del-comercio,Anuario Comercio y Servicios 2009,http://www.ine.cl/docs/default-source/estructura-del-comercio/publicaciones-y-anuarios/documentos/anuario-comercio-y-servicios-2009.pdf?sfvrsn=f6a6c20e_4,
2022-11-18,12:43:11,https://www.ine.cl/estadisticas/economia/comercio-servicios-y-turismo/estructura-del-comercio,Anuario Comercio y Servicios 2010,http://www.ine.cl/docs/default-source/estructura-del-comercio/publicaciones-y-anuarios/documentos/anuario-comercio-y-servicios-2010.pdf?sfvrsn=2526518c_4,
2022-11-18,12:43:11,https://www.ine.cl/estadisticas/economia/comercio-servicios-y-turismo/estructura-de-alojamiento-y-alimentacion2,Anuario Comercio y Servicios 2007,http://www.ine.cl/docs/default-source/estructura-de-alojamiento-y-alimentaci%C3%B3n/publicaciones-y-anuarios/documentos/2007.pdf?sfvrsn=9c05315a_4,
2022-11-18,12:43:11,https://www.ine.cl/estadisticas/economia/comercio-servicios-y-turismo/estructura-de-alojamiento-y-alimentacion2,Anuario Comercio y Servicios 2009,http://www.ine.cl/docs/default-source/estructura-de-alojamiento-y-alimentaci%C3%B3n/publicaciones-y-anuarios/documentos/2009.pdf?sfvrsn=7ce64284_4,
2022-11-18,12:43:11,https://www.ine.cl/estadisticas/economia/comercio-servicios-y-turismo/estructura-de-alojamiento-y-alimentacion2,Anuario Comercio y Servicios 2010,http://www.ine.cl/docs/default-source/estructura-de-alojamiento-y-alimentaci%C3%B3n/publicaciones-y-anuarios/documentos/2010.pdf?sfvrsn=9c07f111_4,
2022-11-18,12:43:11,https://www.ine.cl/estadisticas/economia/comercio-servicios-y-turismo/actividad-del-turismo,Boletín Encuesta Mensual de Alojamiento turístico (EMAT) agosto-2022,http://www.ine.cl/docs/default-source/actividad-del-turismo/boletines/2022/bolet%C3%ADn-encuesta-mensual-de-alojamiento-tur%C3%ADstico-(emat)-agosto-2022.pdf?sfvrsn=c71a9577_4,
2022-11-18,12:43:11,https://www.ine.cl/estadisticas/economia/comercio-servicios-y-turismo/actividad-del-turismo,Boletín Encuesta Mensual de Alojamiento turístico (EMAT) julio-2022,http://www.ine.cl/docs/default-source/actividad-del-turismo/boletines/2022/bolet%C3%ADn-encuesta-mensual-de-alojamiento-tur%C3%ADstico-(emat)-julio-2022.pdf?sfvrsn=93e0c415_4,
2022-11-18,12:43:11,https://www.ine.cl/estadisticas/economia/comercio-servicios-y-turismo/actividad-del-turismo,Boletín Encuesta Mensual de Alojamiento turístico (EMAT) septiembre-2022,http://www.ine.cl/docs/default-source/actividad-del-turismo/boletines/2022/bolet%C3%ADn-encuesta-mensual-de-alojamiento-tur%C3%ADstico-(emat)-septiembre-2022.pdf?sfvrsn=7e2f3ae3_4,
2022-11-18,12:43:11,https://www.ine.cl/estadisticas/economia/transporte-y-comunicaciones/transporte-y-comunicaciones,boletín transporte y comunicaciones abril a junio,http://www.ine.cl/docs/default-source/transporte-y-comunicaciones/boletines/2019/bolet%C3%ADn-transporte-y-comunicaciones-abril-a-junio.pdf?sfvrsn=7f6fc00d_4,
2022-11-18,12:43:11,https://www.ine.cl/estadisticas/economia/transporte-y-comunicaciones/transporte-y-comunicaciones,boletín transporte y comunicaciones julio a septiembre,http://www.ine.cl/docs/default-source/transporte-y-comunicaciones/boletines/2019/bolet%C3%ADn-transporte-y-comunicaciones-julio-a-septiembre.pdf?sfvrsn=89eb9dcd_4,
2022-11-18,12:43:11,https://www.ine.cl/estadisticas/economia/transporte-y-comunicaciones/transporte-y-comunicaciones,boletín transporte y comunicaciones octubre a diciembre,http://www.ine.cl/docs/default-source/transporte-y-comunicaciones/boletines/2019/bolet%C3%ADn-transporte-y-comunicaciones-octubre-a-diciembre.pdf?sfvrsn=accd2862_5,
2022-11-18,12:43:11,https://www.ine.cl/estadisticas/economia/transporte-y-comunicaciones/estructura-del-transporte-por-carretera,Anuario Transporte por Carretera 2008,http://www.ine.cl/docs/default-source/estructura-del-transporte-por-carretera/publicaciones-y-anuarios/documentos/anuario-transporte-por-carretera-2008.pdf?sfvrsn=bfc2d5eb_4,
2022-11-18,12:43:11,https://www.ine.cl/estadisticas/economia/transporte-y-comunicaciones/estructura-del-transporte-por-carretera,Anuario Transporte por Carretera 2009,http://www.ine.cl/docs/default-source/estructura-del-transporte-por-carretera/publicaciones-y-anuarios/documentos/anuario-transporte-por-carretera-2009.pdf?sfvrsn=8daf5f45_4,
2022-11-18,12:43:11,https://www.ine.cl/estadisticas/economia/transporte-y-comunicaciones/estructura-del-transporte-por-carretera,Anuario Transporte por Carretera 2010,http://www.ine.cl/docs/default-source/estructura-del-transporte-por-carretera/publicaciones-y-anuarios/documentos/anuario-transporte-por-carretera-2010.pdf?sfvrsn=5b7fb829_4,
2022-11-18,12:43:11,https://www.ine.cl/estadisticas/economia/transporte-y-comunicaciones/servicio-de-transporte-interurbano-de-pasajeros,Anuario Transporte por Carretera 2008,http://www.ine.cl/docs/default-source/servicio-de-transporte-interurbano-de-pasajeros/publicaciones-y-anuarios/documentos/anuario-transporte-por-carretera-2008.pdf?sfvrsn=433ab398_4,
2022-11-18,12:43:11,https://www.ine.cl/estadisticas/economia/transporte-y-comunicaciones/servicio-de-transporte-interurbano-de-pasajeros,Anuario Transporte por Carretera 2009,http://www.ine.cl/docs/default-source/servicio-de-transporte-interurbano-de-pasajeros/publicaciones-y-anuarios/documentos/anuario-transporte-por-carretera-2009.pdf?sfvrsn=ef14a238_4,
2022-11-18,12:43:11,https://www.ine.cl/estadisticas/economia/transporte-y-comunicaciones/servicio-de-transporte-interurbano-de-pasajeros,Anuario Transporte por Carretera 2010,http://www.ine.cl/docs/default-source/servicio-de-transporte-interurbano-de-pasajeros/publicaciones-y-anuarios/documentos/anuario-transporte-por-carretera-2010.pdf?sfvrsn=6cd66185_4,
2022-11-18,12:43:12,https://www.ine.cl/estadisticas/economia/comercio-servicios-y-turismo/actividad-mensual-del-comercio,Boletín sectores económicos Índice de Actividad del Comercio (IAC) agosto de 2022,http://www.ine.cl/docs/default-source/actividad-mensual-del-comercio/boletines/2022/bolet%C3%ADn-sectores-econ%C3%B3micos-%C3%ADndice-de-actividad-del-comercio-(iac)-agosto-de-2022.pdf?sfvrsn=ec2dd8d7_4,
2022-11-18,12:43:12,https://www.ine.cl/estadisticas/economia/mineria/inventarios-de-la-mineria-del-cobre,Boletín sectores económicos Índice de Inventarios agosto 2022,http://www.ine.cl/docs/default-source/inventarios-de-la-industria-manufacturera/boletines/2022/bolet%C3%ADn-sectores-econ%C3%B3micos-%C3%ADndice-de-inventarios-agosto-2022.pdf?sfvrsn=b2d7f8be_4,
2022-11-18,12:43:12,https://www.ine.cl/estadisticas/economia/comercio-servicios-y-turismo/actividad-mensual-del-comercio,Boletín sectores económicos Índice de Actividad del Comercio (IAC) julio de 2022,http://www.ine.cl/docs/default-source/actividad-mensual-del-comercio/boletines/2022/bolet%C3%ADn-sectores-econ%C3%B3micos-%C3%ADndice-de-actividad-del-comercio-(iac)-julio-de-2022.pdf?sfvrsn=c6161eb0_4,
2022-11-18,12:43:12,https://www.ine.cl/estadisticas/economia/mineria/inventarios-de-la-mineria-del-cobre,Boletín sectores económicos Índice de Inventarios julio 2022,http://www.ine.cl/docs/default-source/inventarios-de-la-industria-manufacturera/boletines/2022/bolet%C3%ADn-sectores-econ%C3%B3micos-%C3%ADndice-de-inventarios-julio-2022.pdf?sfvrsn=fb778304_4,
2022-11-18,12:43:12,https://www.ine.cl/estadisticas/economia/comercio-servicios-y-turismo/actividad-mensual-del-comercio,Boletín sectores económicos Índice de Actividad del Comercio (IAC) septiembre de 2022,http://www.ine.cl/docs/default-source/actividad-mensual-del-comercio/boletines/2022/bolet%C3%ADn-sectores-econ%C3%B3micos-%C3%ADndice-de-actividad-del-comercio-(iac)-septiembre-de-2022.pdf?sfvrsn=6387435f_4,
2022-11-18,12:43:12,https://www.ine.cl/estadisticas/economia/mineria/inventarios-de-la-mineria-del-cobre,Boletín sectores económicos Índice de Inventarios septiembre 2022,http://www.ine.cl/docs/default-source/inventarios-de-la-industria-manufacturera/boletines/2022/bolet%C3%ADn-sectores-econ%C3%B3micos-%C3%ADndice-de-inventarios-septiembre-2022.pdf?sfvrsn=f12129c9_4,
2022-11-18,12:43:12,https://www.ine.cl/estadisticas/economia/industria-manufacturera/inventarios-de-la-industria-manufacturera,Boletín sectores económicos Índice de Inventarios agosto 2022,http://www.ine.cl/docs/default-source/inventarios-de-la-industria-manufacturera/boletines/2022/bolet%C3%ADn-sectores-econ%C3%B3micos-%C3%ADndice-de-inventarios-agosto-2022.pdf?sfvrsn=b2d7f8be_4,
2022-11-18,12:43:12,https://www.ine.cl/estadisticas/economia/industria-manufacturera/inventarios-de-la-industria-manufacturera,Boletín sectores económicos Índice de Inventarios julio 2022,http://www.ine.cl/docs/default-source/inventarios-de-la-industria-manufacturera/boletines/2022/bolet%C3%ADn-sectores-econ%C3%B3micos-%C3%ADndice-de-inventarios-julio-2022.pdf?sfvrsn=fb778304_4,
2022-11-18,12:43:12,https://www.ine.cl/estadisticas/economia/industria-manufacturera/inventarios-de-la-industria-manufacturera,Boletín sectores económicos Índice de Inventarios septiembre 2022,http://www.ine.cl/docs/default-source/inventarios-de-la-industria-manufacturera/boletines/2022/bolet%C3%ADn-sectores-econ%C3%B3micos-%C3%ADndice-de-inventarios-septiembre-2022.pdf?sfvrsn=f12129c9_4,
2022-11-18,12:43:12,https://www.ine.cl/estadisticas/economia/mineria/produccion-minera,Boletín sectores económicos Índice de Producción Industrial (IPI) agosto 2022,http://www.ine.cl/docs/default-source/indice-de-produccion-industrial/boletines/2022/bolet%C3%ADn-sectores-econ%C3%B3micos-%C3%ADndice-de-producci%C3%B3n-industrial-(ipi)-agosto-2022.pdf?sfvrsn=cacbdc76_4,
2022-11-18,12:43:12,https://www.ine.cl/estadisticas/economia/mineria/produccion-minera,Boletín sectores económicos Índice de Producción Industrial (IPI) julio 2022,http://www.ine.cl/docs/default-source/indice-de-produccion-industrial/boletines/2022/bolet%C3%ADn-sectores-econ%C3%B3micos-%C3%ADndice-de-producci%C3%B3n-industrial-(ipi)-julio-2022.pdf?sfvrsn=38fae20c_4,
2022-11-18,12:43:12,https://www.ine.cl/estadisticas/economia/mineria/produccion-minera,Boletín sectores económicos Índice de Producción Industrial (IPI) septiembre 2022,http://www.ine.cl/docs/default-source/indice-de-produccion-industrial/boletines/2022/bolet%C3%ADn-sectores-econ%C3%B3micos-%C3%ADndice-de-producci%C3%B3n-industrial-(ipi)-septiembre-2022.pdf?sfvrsn=4cf468cc_4,
2022-11-18,12:43:12,https://www.ine.cl/estadisticas/economia/industria-manufacturera/ipi,Boletín sectores económicos Índice de Producción Industrial (IPI) agosto 2022,http://www.ine.cl/docs/default-source/indice-de-produccion-industrial/boletines/2022/bolet%C3%ADn-sectores-econ%C3%B3micos-%C3%ADndice-de-producci%C3%B3n-industrial-(ipi)-agosto-2022.pdf?sfvrsn=cacbdc76_4,
2022-11-18,12:43:12,https://www.ine.cl/estadisticas/economia/industria-manufacturera/ipi,Boletín sectores económicos Índice de Producción Industrial (IPI) julio 2022,http://www.ine.cl/docs/default-source/indice-de-produccion-industrial/boletines/2022/bolet%C3%ADn-sectores-econ%C3%B3micos-%C3%ADndice-de-producci%C3%B3n-industrial-(ipi)-julio-2022.pdf?sfvrsn=38fae20c_4,
2022-11-18,12:43:12,https://www.ine.cl/estadisticas/economia/industria-manufacturera/ipi,Boletín sectores económicos Índice de Producción Industrial (IPI) septiembre 2022,http://www.ine.cl/docs/default-source/indice-de-produccion-industrial/boletines/2022/bolet%C3%ADn-sectores-econ%C3%B3micos-%C3%ADndice-de-producci%C3%B3n-industrial-(ipi)-septiembre-2022.pdf?sfvrsn=4cf468cc_4,
2022-11-18,12:43:12,https://www.ine.cl/estadisticas/sociales/mercado-laboral/ocupacion-y-desocupacion,Boletín empleo nacional trimestre móvil julio 2022 - agosto 2022 - septiembre 2022,http://www.ine.cl/docs/default-source/ocupacion-y-desocupacion/boletines/2022/pa%C3%ADs/bolet%C3%ADn-empleo-nacional-trimestre-m%C3%B3vil-julio-2022---agosto-2022---septiembre-2022.pdf?sfvrsn=3817a575_4,
2022-11-18,12:43:12,https://www.ine.cl/estadisticas/sociales/mercado-laboral/ocupacion-y-desocupacion,Boletín empleo Población Extranjera trimestre móvil  julio 2022 - agosto 2022 - septiembre 2022,http://www.ine.cl/docs/default-source/ocupacion-y-desocupacion/boletines/2022/poblaci%C3%B3n-extranjera/bolet%C3%ADn-empleo-poblaci%C3%B3n-extranjera-trimestre-m%C3%B3vil-julio-2022---agosto-2022---septiembre-2022.pdf?sfvrsn=8459f7ff_4,
2022-11-18,12:43:12,https://www.ine.cl/estadisticas/sociales/mercado-laboral/ocupacion-y-desocupacion,Boletín de empleo Región Metropolitana (julio-septiembre 2022),http://www.ine.cl/docs/default-source/ocupacion-y-desocupacion/boletines/2022/regi%C3%B3n-metropolitana-y-gran-santiago/bolet%C3%ADn-de-empleo-regi%C3%B3n-metropolitana-(julio-septiembre-2022).pdf?sfvrsn=1e84e387_4,
2022-11-18,12:43:12,https://www.ine.cl/estadisticas/economia/energia-y-medioambiente/produccion-de-electricidad-gas-y-agua,Boletín sectores económicos Índice de Producción Industrial (IPI) agosto 2022,http://www.ine.cl/docs/default-source/indice-de-produccion-industrial/boletines/2022/bolet%C3%ADn-sectores-econ%C3%B3micos-%C3%ADndice-de-producci%C3%B3n-industrial-(ipi)-agosto-2022.pdf?sfvrsn=cacbdc76_4,
2022-11-18,12:43:12,https://www.ine.cl/estadisticas/economia/energia-y-medioambiente/produccion-de-electricidad-gas-y-agua,Boletín sectores económicos Índice de Producción Industrial (IPI) julio 2022,http://www.ine.cl/docs/default-source/indice-de-produccion-industrial/boletines/2022/bolet%C3%ADn-sectores-econ%C3%B3micos-%C3%ADndice-de-producci%C3%B3n-industrial-(ipi)-julio-2022.pdf?sfvrsn=38fae20c_4,
2022-11-18,12:43:12,https://www.ine.cl/estadisticas/economia/energia-y-medioambiente/produccion-de-electricidad-gas-y-agua,Boletín sectores económicos Índice de Producción Industrial (IPI) septiembre 2022,http://www.ine.cl/docs/default-source/indice-de-produccion-industrial/boletines/2022/bolet%C3%ADn-sectores-econ%C3%B3micos-%C3%ADndice-de-producci%C3%B3n-industrial-(ipi)-septiembre-2022.pdf?sfvrsn=4cf468cc_4,
2022-11-18,12:43:13,https://www.ine.cl/estadisticas/economia/indices-de-precio-e-inflacion/indice-de-precios-al-consumidor,Boletín Índice de Precios al Consumidor (IPC) octubre 2022,http://www.ine.cl/docs/default-source/%C3%ADndice-de-precios-al-consumidor/boletines/espa%C3%B1ol/2022/bolet%C3%ADn-%C3%ADndice-de-precios-al-consumidor-(ipc)-octubre-2022.pdf?sfvrsn=29be4338_4,
2022-11-18,12:43:13,https://www.ine.cl/estadisticas/economia/indices-de-precio-e-inflacion/indice-de-precios-al-consumidor,Boletín Índice de Precios al Consumidor (IPC) septiembre 2022,http://www.ine.cl/docs/default-source/%C3%ADndice-de-precios-al-consumidor/boletines/espa%C3%B1ol/2022/bolet%C3%ADn-%C3%ADndice-de-precios-al-consumidor-(ipc)-septiembre-2022.pdf?sfvrsn=208b04eb_4,
2022-11-18,12:43:13,https://www.ine.cl/estadisticas/economia/indices-de-precio-e-inflacion/indice-de-precios-al-consumidor,Boletín Índice de Precios al Consumidor (IPC) agosto 2022,http://www.ine.cl/docs/default-source/%C3%ADndice-de-precios-al-consumidor/boletines/espa%C3%B1ol/2022/boletin-indice-de-precios-al-consumidor-ipc-agosto-2022.pdf?sfvrsn=7b1b8ff9_7,
2022-11-18,12:43:13,https://www.ine.cl/estadisticas/economia/indices-de-precio-e-inflacion/indice-de-precios-al-consumidor,"Preguntas Frecuentes
Nueva canasta IPC 2018 = 100",https://www.ine.cl/docs/default-source/%C3%ADndice-de-precios-al-consumidor/metodologias/base-anual-2018-100/preguntas-frecuentes-ipc-2018.pdf,
2022-11-18,12:43:13,https://www.ine.cl/estadisticas/economia/energia-y-medioambiente/encuesta-anual-de-electricidad-gas-y-agua,Anuario 2006,http://www.ine.cl/docs/default-source/encuesta-anual-de-electricidad-gas-y-agua/publicaciones/anuarios/anuario-2006.pdf?sfvrsn=1686f92f_2,
2022-11-18,12:43:13,https://www.ine.cl/estadisticas/economia/energia-y-medioambiente/encuesta-anual-de-electricidad-gas-y-agua,Anuario 2007,http://www.ine.cl/docs/default-source/encuesta-anual-de-electricidad-gas-y-agua/publicaciones/anuarios/anuario-2007.pdf?sfvrsn=61783c04_2,
2022-11-18,12:43:13,https://www.ine.cl/estadisticas/economia/energia-y-medioambiente/encuesta-anual-de-electricidad-gas-y-agua,Anuario 2009,http://www.ine.cl/docs/default-source/encuesta-anual-de-electricidad-gas-y-agua/publicaciones/anuarios/anuario-2009.pdf?sfvrsn=5ef22428_2,
2022-11-18,12:43:13,https://www.ine.cl/estadisticas/economia/edificacion-y-construccion/ingresos-de-la-construccion-de-grandes-empresas,Boletín Índices de Ingresos de la Construcción abril-junio 2018,http://www.ine.cl/docs/default-source/ingresos-de-la-construcci%C3%B3n-de-grandes-empresas/boletines/2018/espa%C3%B1ol/bolet%C3%ADn-indices-de-ingresos-de-la-construcci%C3%B3n-abr-jun-2018.pdf?sfvrsn=1f46a3f7_4,
2022-11-18,12:43:13,https://www.ine.cl/estadisticas/economia/edificacion-y-construccion/ingresos-de-la-construccion-de-grandes-empresas,Boletín Índices de Ingresos de la Construcción julio-septiembre 2018,http://www.ine.cl/docs/default-source/ingresos-de-la-construcci%C3%B3n-de-grandes-empresas/boletines/2018/espa%C3%B1ol/bolet%C3%ADn-indices-de-ingresos-de-la-construcci%C3%B3n-jul-sep-2018.pdf?sfvrsn=6acff97a_4,
2022-11-18,12:43:13,https://www.ine.cl/estadisticas/economia/edificacion-y-construccion/ingresos-de-la-construccion-de-grandes-empresas,Boletín Índices de Ingresos de la Construcción octubre-diciembre 2018,http://www.ine.cl/docs/default-source/ingresos-de-la-construcci%C3%B3n-de-grandes-empresas/boletines/2018/espa%C3%B1ol/bolet%C3%ADn-indices-de-ingresos-de-la-construcci%C3%B3n-oct-dic-2018.pdf?sfvrsn=e7e630a7_4,
2022-11-18,12:43:14,https://www.ine.cl/estadisticas/sociales/economia-regional/actividad-economica-regional,Boletín indicador de actividad económica regional (INACER) abril-junio 2018,http://www.ine.cl/docs/default-source/actividad-economica-regional/boletines/2018/bolet%C3%ADn-indicador-de-actividad-econ%C3%B3mica-regional-(inacer)-abril-junio-2018.pdf?sfvrsn=c8b7b000_5,
2022-11-18,12:43:14,https://www.ine.cl/estadisticas/sociales/economia-regional/actividad-economica-regional,Boletín indicador de actividad económica regional (INACER) julio-septiembre 2018,http://www.ine.cl/docs/default-source/actividad-economica-regional/boletines/2018/bolet%C3%ADn-indicador-de-actividad-econ%C3%B3mica-regional-(inacer)-julio-septiembre-2018.pdf?sfvrsn=70dce252_5,
2022-11-18,12:43:14,https://www.ine.cl/estadisticas/sociales/economia-regional/actividad-economica-regional,Boletín indicador de actividad económica regional (INACER) octubre-diciembre 2018,http://www.ine.cl/docs/default-source/actividad-economica-regional/boletines/2018/bolet%C3%ADn-indicador-de-actividad-econ%C3%B3mica-regional-(inacer)-trimestre-octubre-diciembre-2018.pdf?sfvrsn=42a56790_5,
2022-11-18,12:43:14,https://www.ine.cl/estadisticas/sociales/economia-regional/informe-economico-regional,IER abril - junio 2013,http://www.ine.cl/docs/default-source/informe-economico-regional/boletines/2013/ier-abril---junio-2013.pdf?sfvrsn=d80d951f_4,
2022-11-18,12:43:14,https://www.ine.cl/estadisticas/sociales/economia-regional/informe-economico-regional,IER julio - septiembre 2013,http://www.ine.cl/docs/default-source/informe-economico-regional/boletines/2013/ier-julio---septiembre-2013.pdf?sfvrsn=e6ca41f9_4,
2022-11-18,12:43:14,https://www.ine.cl/estadisticas/sociales/economia-regional/informe-economico-regional,IER octubre - diciembre 2013,http://www.ine.cl/docs/default-source/informe-economico-regional/boletines/2013/ier-octubre---diciembre-2013.pdf?sfvrsn=82a6689_4,
2022-11-18,12:43:15,https://www.ine.cl/estadisticas/sociales/seguridad-publica-y-justicia/estadisticas-judiciales,Nomenclatura Nacional Penal-2021 (NNP),http://www.ine.cl/docs/default-source/justicia/publicaciones-y-anuarios/difusi%C3%B3n/nomenclatura-nacional-penal-2021-(nnp).xlsx?sfvrsn=e4b98112_2,
2022-11-18,12:43:15,https://www.ine.cl/estadisticas/sociales/seguridad-publica-y-justicia/estadisticas-judiciales,Sintesis_Resultados_SYJ_2021,http://www.ine.cl/docs/default-source/justicia/publicaciones-y-anuarios/difusi%C3%B3n/sintesis_resultados_syj_2021.pdf?sfvrsn=b808905b_2,
2022-11-18,12:43:15,https://www.ine.cl/estadisticas/sociales/seguridad-publica-y-justicia/seguridad-ciudadana,Síntesis de Resultados - XV ENUSC 2018,http://www.ine.cl/docs/default-source/seguridad-ciudadana/publicaciones-y-anuarios/2018/s%C3%ADntesis-de-resultados---xv-enusc-2018.pdf?sfvrsn=bcc74a12_2,
2022-11-18,12:43:15,https://www.ine.cl/estadisticas/sociales/seguridad-publica-y-justicia/seguridad-ciudadana,Boletín - XVI ENUSC 2019,http://www.ine.cl/docs/default-source/seguridad-ciudadana/publicaciones-y-anuarios/2019/bolet%C3%ADn---xvi-enusc-2019.pdf?sfvrsn=6a96af3c_2,
2022-11-18,12:43:15,https://www.ine.cl/estadisticas/sociales/seguridad-publica-y-justicia/seguridad-ciudadana,Síntesis de Resultados XVI ENUSC 2019,http://www.ine.cl/docs/default-source/seguridad-ciudadana/publicaciones-y-anuarios/2019/s%C3%ADntesis-de-resultados-xvi-enusc-2019.pdf?sfvrsn=19167295_2,
2022-11-18,12:43:15,https://www.ine.cl/estadisticas/sociales/seguridad-publica-y-justicia/estadisticas-policiales,Informe Anual Carabineros de Chile - 2016,http://www.ine.cl/docs/default-source/carabineros/publicaciones-y-anuarios/informes/informe-anual-carabineros-de-chile---2016.pdf?sfvrsn=97b1de32_2,
2022-11-18,12:43:15,https://www.ine.cl/estadisticas/sociales/seguridad-publica-y-justicia/estadisticas-policiales,Informe Anual Carabineros de Chile - 2017,http://www.ine.cl/docs/default-source/carabineros/publicaciones-y-anuarios/informes/informe-anual-carabineros-de-chile---2017.pdf?sfvrsn=351cfa19_2,
2022-11-18,12:43:15,https://www.ine.cl/estadisticas/sociales/seguridad-publica-y-justicia/estadisticas-policiales,Informe Anual Carabineros de Chile - 2018,http://www.ine.cl/docs/default-source/carabineros/publicaciones-y-anuarios/informes/informe-anual-carabineros-de-chile---2018.pdf?sfvrsn=7d7efade_2,
